{"cameraMode":{"drawMode":0,"name":"Shaded","section":"Shading Mode"},"sceneLighting":true,"audioPlay":false,"sceneViewState":{"m_AlwaysRefresh":false,"showFog":true,"showSkybox":true,"showFlares":true,"showImageEffects":true,"showParticleSystems":true,"showVisualEffectGraphs":true,"m_FxEnabled":true},"in2DMode":false,"pivot":{"x":-12.567418098449707,"y":0.7707048654556274,"z":7.26370906829834},"rotation":{"x":0.07533396780490875,"y":-0.6692846417427063,"z":0.06850465387105942,"w":0.7360085844993591},"size":2.6128034591674806,"orthographic":false}