{"cameraMode":{"drawMode":0,"name":"Shaded","section":"Shading Mode"},"sceneLighting":true,"audioPlay":false,"sceneViewState":{"m_AlwaysRefresh":false,"showFog":true,"showSkybox":true,"showFlares":true,"showImageEffects":true,"showParticleSystems":true,"showVisualEffectGraphs":true,"m_FxEnabled":true},"in2DMode":false,"pivot":{"x":-1.3919843435287476,"y":1.8271061182022095,"z":11.219189643859864},"rotation":{"x":0.0056988331489264969,"y":-0.022237291559576989,"z":-0.00013553698954638094,"w":-0.9997622966766357},"size":1.908756136894226,"orthographic":false}