{"cameraMode":{"drawMode":0,"name":"Shaded","section":"Shading Mode"},"sceneLighting":true,"audioPlay":false,"sceneViewState":{"m_AlwaysRefresh":false,"showFog":true,"showSkybox":true,"showFlares":true,"showImageEffects":true,"showParticleSystems":true,"showVisualEffectGraphs":true,"m_FxEnabled":true},"in2DMode":false,"pivot":{"x":-0.6963462829589844,"y":0.6936324834823608,"z":-8.397272109985352},"rotation":{"x":-0.00044913910096511245,"y":-0.9995284080505371,"z":0.02549326792359352,"w":-0.017650345340371133},"size":13.807781219482422,"orthographic":false}