{"cameraMode":{"drawMode":0,"name":"Shaded","section":"Shading Mode"},"sceneLighting":true,"audioPlay":false,"sceneViewState":{"m_AlwaysRefresh":false,"showFog":true,"showSkybox":true,"showFlares":true,"showImageEffects":true,"showParticleSystems":true,"showVisualEffectGraphs":true,"m_FxEnabled":true},"in2DMode":false,"pivot":{"x":-2.1249947547912599,"y":-0.28521671891212466,"z":13.043662071228028},"rotation":{"x":-0.1378312110900879,"y":0.021055033430457116,"z":-0.0029433676972985269,"w":-0.9902523756027222},"size":10.719407081604004,"orthographic":false}