{"cameraMode":{"drawMode":0,"name":"Shaded","section":"Shading Mode"},"sceneLighting":true,"audioPlay":false,"sceneViewState":{"m_AlwaysRefresh":false,"showFog":true,"showSkybox":true,"showFlares":true,"showImageEffects":true,"showParticleSystems":true,"showVisualEffectGraphs":true,"m_FxEnabled":true},"in2DMode":false,"pivot":{"x":13.97459602355957,"y":0.74570232629776,"z":-0.11299967765808106},"rotation":{"x":0.00045225443318486214,"y":-0.9534504413604736,"z":0.001429967931471765,"w":0.30157670378685},"size":1.908756136894226,"orthographic":false}