{"cameraMode":{"drawMode":0,"name":"Shaded","section":"Shading Mode"},"sceneLighting":true,"audioPlay":false,"sceneViewState":{"m_AlwaysRefresh":false,"showFog":true,"showSkybox":true,"showFlares":true,"showImageEffects":true,"showParticleSystems":true,"showVisualEffectGraphs":true,"m_FxEnabled":true},"in2DMode":false,"pivot":{"x":348.6736145019531,"y":201.6865234375,"z":0.9541117548942566},"rotation":{"x":-0.010799317620694638,"y":-0.010238386690616608,"z":0.00010273129009874538,"w":-0.9999175071716309},"size":399.71087646484377,"orthographic":false}